COUNTY,crop,xland,price,yld,revenue
Alameda,Almonds Pistachios,1527.869394,5048.813281,1.1665,8998296.182
Alameda,Other Deciduous Orchard,43.65416473,3295.706651,1.803375,259453.9436
Alameda,Subtropical,176.9458073,975.4182884,3.856666667,665645.9207
Alameda,Vineyards,2836.622596,1742.626965,5.62,27780643.64
Alpine,Other Deciduous Orchard,2.03478733,2762.559242,1.038166667,5835.763794
Amador,Other Deciduous Orchard,466.1587373,1547.558299,1.132,816633.6549
Amador,Subtropical,31.42464007,884.4262232,1.9525,54265.39462
Amador,Vineyards,3708.162607,1655.631793,3.216,19744155.73
Butte,Almonds Pistachios,36841.74289,4574.912756,0.904,152367174.6
Butte,Other Deciduous Orchard,63539.76687,1519.83025,1.97,190242229.7
Butte,Subtropical,4009.123478,864.1684364,3.658,12673353.05
Butte,Vineyards,201.246893,1539.615805,5.008,1551693.229
Calaveras,Almonds Pistachios,275.1520946,4653.669265,0.47,601819.4176
Calaveras,Other Deciduous Orchard,928.8250039,1902.148628,1.075,1899270.447
Calaveras,Subtropical,237.3512929,835.5139505,0.325,64450.85283
Calaveras,Vineyards,840.9935737,1606.635895,2.608,3523852.566
Colusa,Almonds Pistachios,70402.35213,4919.748273,0.878,304105704.6
Colusa,Other Deciduous Orchard,25267.55106,1723.149448,2.068,90040237.42
Colusa,Subtropical,431.344164,874.4821215,3.818,1440160.136
Colusa,Vineyards,1363.005073,985.6814455,6.466,8686998.646
Contra Costa,Almonds Pistachios,358.4869782,4784.142919,0.847333333,1453221.523
Contra Costa,Other Deciduous Orchard,2177.474178,5011.750372,1.634,17831771.77
Contra Costa,Subtropical,189.222595,1154.433764,3.55,775479.5818
Contra Costa,Vineyards,1944.209666,1004.416712,5.15,10056902.9
Del Norte,Other Deciduous Orchard,1.07380461,728.4072243,2.551,1995.308107
El Dorado,Other Deciduous Orchard,837.0718031,4837.970798,0.9075,3675129.013
El Dorado,Subtropical,52.17106741,1435.29054,2.739,205098.0716
El Dorado,Vineyards,2434.230004,1822.414866,2.4975,11079351.92
Fresno,Almonds Pistachios,430378.3115,4737.846389,1.138,2320457482
Fresno,Other Deciduous Orchard,56179.85818,1728.705648,1.794,174230478.1
Fresno,Subtropical,52740.29003,582.7211706,16.474,506293523.5
Fresno,Vineyards,147940.4853,450.0257333,10.23,681082969.7
Glenn,Almonds Pistachios,58679.20324,4618.967661,0.842,228213442.1
Glenn,Other Deciduous Orchard,39887.8884,1563.579605,2.08,129725208.7
Glenn,Subtropical,8659.591371,1118.787935,3.95,38268573.08
Glenn,Vineyards,2.48784679,1752.321413,4.641916667,20236.46914
Humboldt,Other Deciduous Orchard,66.79669325,904.7425303,1.544,93309.8015
Humboldt,Subtropical,0.527154,1573.770112,2.636,2186.876236
Humboldt,Vineyards,128.337117,2142.389044,2,549896.067
Imperial,Other Deciduous Orchard,25.88100531,3003.392312,2.84575,221202.4593
Imperial,Subtropical,10345.79657,3330.562297,3.144,108333814
Imperial,Vineyards,143.6369568,2618.834293,4.095833333,1540694.353
Inyo,Other Deciduous Orchard,5.30855836,2660.012495,1.781,25149.20102
Inyo,Subtropical,22.22585275,839.4971956,14.5735,271920.248
Kern,Almonds Pistachios,372526.7386,5218.470112,1.174,2282279071
Kern,Other Deciduous Orchard,17128.80033,1632.856883,1.536,42960198.94
Kern,Subtropical,62993.53535,1062.045455,16.13,1079129226
Kern,Vineyards,85056.36119,593.061263,16.544,834539464.3
Kings,Almonds Pistachios,89472.86605,4849.023718,1.138,493728184.4
Kings,Other Deciduous Orchard,31002.87945,1749.546401,2.026,109892217.7
Kings,Subtropical,1710.273482,1744.574278,11.8236,35278064.97
Kings,Vineyards,6035.201637,412.9981437,13.77,34322097.8
Lake,Almonds Pistachios,38.53840527,4600.843207,0.846666667,150121.7555
Lake,Other Deciduous Orchard,6644.744136,1840.276444,0.256,3130410.523
Lake,Subtropical,105.0456749,1732.196526,0.39,70964.30373
Lake,Vineyards,12239.99548,1948.958541,4.425,105559453.5
Los Angeles,Almonds Pistachios,22.54432163,5686.47823,0.727,93199.79636
Los Angeles,Other Deciduous Orchard,400.703481,3462.709983,1.677,2326870.945
Los Angeles,Subtropical,148.041473,1714.311605,9.160666667,2324878.403
Los Angeles,Vineyards,323.7676266,1195.329088,8.632,3340660.497
Madera,Almonds Pistachios,213409.2201,4716.420998,1.124,1131337165
Madera,Other Deciduous Orchard,13746.69578,1956.593316,1.642,44164370.02
Madera,Subtropical,7560.079232,1139.43816,2.768,23844223.99
Madera,Vineyards,57576.85363,395.2870153,11.39,259229368.1
Marin,Other Deciduous Orchard,7.97870048,2348.396124,2.269333333,42520.83744
Marin,Subtropical,68.45508869,2636.14942,2.366,426963.255
Marin,Vineyards,170.1696844,3850.567178,1.666666667,1092083.002
Mariposa,Other Deciduous Orchard,13.43535802,1893.191927,1.699166667,43219.51285
Mariposa,Subtropical,43.46586116,988.9603823,3.604,154921.5969
Mariposa,Vineyards,61.79857201,1562.08504,0.52,50198.00491
Mendocino,Other Deciduous Orchard,1553.440118,904.7425303,1.544,2170035.401
Mendocino,Subtropical,119.2893349,1313.13497,2.570666667,402676.9314
Mendocino,Vineyards,17408.34417,1981.095499,4.126666667,142318797.4
Merced,Almonds Pistachios,177746.1089,4763.220031,1.034,875429716.1
Merced,Other Deciduous Orchard,16369.98661,1777.232676,1.628,47363851.86
Merced,Subtropical,378.1684938,853.5473117,7.894,2548062.432
Merced,Vineyards,13065.67275,529.1720275,11.03,76261293.62
Modoc,Other Deciduous Orchard,23.52404065,1756.155217,1.61,66512.10542
Modoc,Vineyards,11.97948202,1363.714388,2.075,33898.42837
Mono,Vineyards,13.74318799,422.6563743,10.81,62791.46334
Monterey,Other Deciduous Orchard,405.2034248,2103.912623,1.158333333,987493.7617
Monterey,Subtropical,1698.902564,3159.579112,4.75,25497131.01
Monterey,Vineyards,52090.08734,1557.694924,3.206,260136329.6
Napa,Other Deciduous Orchard,118.045802,1368.228396,1.7115,276430.5578
Napa,Subtropical,207.8059153,2270.065604,1.516,715147.3196
Napa,Vineyards,44729.90451,6285.014088,3.127,879087506.1
Nevada,Other Deciduous Orchard,54.17684331,1674.556109,1.905,172825.7223
Nevada,Subtropical,3.93680981,1435.29054,2.739,15476.62604
Nevada,Vineyards,447.096224,1596.808539,3.096666667,2210794.154
Orange,Subtropical,1536.950762,2479.772386,4.958333333,18897636.62
Placer,Almonds Pistachios,2730.924348,4755.705686,0.418,5428763.484
Placer,Other Deciduous Orchard,4057.807533,1853.191989,1.79,13460614.58
Placer,Subtropical,270.8223169,800.2415035,2.03,439948.2139
Placer,Vineyards,270.8750127,1881.419126,3.156,1608390.48
Plumas,Other Deciduous Orchard,9.32000796,1600.70437,1.8715,27920.11773
Riverside,Almonds Pistachios,6.07320167,6154.486349,0.28,10465.6823
Riverside,Other Deciduous Orchard,390.8739915,3342.027515,4.464,5831375.136
Riverside,Subtropical,32347.19596,2736.846205,4,354117202
Riverside,Vineyards,8812.126523,3279.596783,6.076666667,175617014.5
Sacramento,Almonds Pistachios,2697.071244,4881.950439,0.64,8426859.61
Sacramento,Other Deciduous Orchard,8849.3808,1868.726157,1.498,24772529.93
Sacramento,Subtropical,1078.589642,1578.408222,2.7708,4717161.645
Sacramento,Vineyards,36667.75441,687.691415,8.48,213832527.3
San Benito,Other Deciduous Orchard,2527.724037,2019.40333,0.51,2603292.112
San Benito,Subtropical,238.243611,1871.150141,10.612,4730718.879
San Benito,Vineyards,4502.783032,1734.7809,5.0025,39076238.36
San Bernardino,Almonds Pistachios,965.7405036,6154.486349,0.28,1664218.289
San Bernardino,Other Deciduous Orchard,622.440734,5292.563082,1.818,5989049.853
San Bernardino,Subtropical,3461.28179,898.8398176,8,24889103.14
San Bernardino,Vineyards,451.8493137,1797.596914,0.72,584814.9109
San Diego,Other Deciduous Orchard,284.6376686,2664.757108,1.2275,931046.7827
San Diego,Subtropical,24959.57298,3803.631135,2.875,272943900.6
San Diego,Vineyards,893.4116434,1958.071802,2.115,3699905.17
San Joaquin,Almonds Pistachios,91572.07621,4883.126599,1.218,544638494
San Joaquin,Other Deciduous Orchard,92255.09149,1769.387366,2.236,364993445
San Joaquin,Subtropical,4642.840213,933.3384959,3.58,15513362.57
San Joaquin,Vineyards,84121.52079,685.5908161,7.17,413514994.8
San Luis Obispo,Almonds Pistachios,2753.445775,5033.746915,1.156,16022332.44
San Luis Obispo,Other Deciduous Orchard,2322.077632,2917.995111,0.303333333,2055329.391
San Luis Obispo,Subtropical,7665.009478,3104.143312,4.074,96933854.94
San Luis Obispo,Vineyards,45785.43036,1997.397985,3.506,320629752.5
San Mateo,Other Deciduous Orchard,31.29063625,4455.939078,1.516,211374.62
San Mateo,Subtropical,9.94275414,1712.249684,2.533,43123.00185
San Mateo,Vineyards,158.7595692,2606.559925,3.899,1613469.874
Santa Barbara,Almonds Pistachios,744.5302521,5218.470112,1.174,4561352.611
Santa Barbara,Other Deciduous Orchard,544.955706,2275.425997,0.919666667,1140392.535
Santa Barbara,Subtropical,8887.248152,3314.99532,3.698,108947465.9
Santa Barbara,Vineyards,22545.19644,2490.613332,3.38,189791619.9
Santa Clara,Other Deciduous Orchard,2333.710751,4455.939078,1.516,15764691.36
Santa Clara,Subtropical,94.30215563,838.4826047,4.44,351073.9838
Santa Clara,Vineyards,1572.17743,2187.590795,3.455,11882715.42
Santa Cruz,Other Deciduous Orchard,2049.201445,3237.671204,1.013,6720890.835
Santa Cruz,Subtropical,19.11422919,3159.579112,4.75,286866.3666
Santa Cruz,Vineyards,590.8877188,3889.462015,2.622,6025973.055
Shasta,Almonds Pistachios,3.17944378,4899.886629,0.738,11497.23858
Shasta,Other Deciduous Orchard,1542.598482,1756.155217,1.61,4361558.219
Shasta,Subtropical,647.2122653,1088.420449,3.372,2375368.524
Shasta,Vineyards,146.4424543,1363.714388,2.075,414389.2899
Siskiyou,Other Deciduous Orchard,50.68077249,1756.155217,1.61,143295.3179
Siskiyou,Vineyards,3.75211621,1881.59196,2.001666667,14131.66997
Solano,Almonds Pistachios,22012.89111,4587.35172,0.684,69070917.74
Solano,Other Deciduous Orchard,14518.13787,1481.366082,1.616,34754790.07
Solano,Subtropical,351.287522,4117.865076,1.182,1709827.559
Solano,Vineyards,5196.457016,1271.637612,6.009,39707533.23
Sonoma,Other Deciduous Orchard,1968.190205,552.0719183,3.558,3866060.684
Sonoma,Subtropical,390.1439282,2318.640242,1.6595,1501189.363
Sonoma,Vineyards,61842.41286,3187.686295,3.636,716779994.6
Stanislaus,Almonds Pistachios,196982.6769,5214.499962,1.115,1145290270
Stanislaus,Other Deciduous Orchard,44197.76726,1945.749789,1.8275,157160972.8
Stanislaus,Subtropical,1296.730153,838.4826047,4.44,4827548.405
Stanislaus,Vineyards,7655.698808,545.043687,9.928333333,41427860.25
Sutter,Almonds Pistachios,15776.52246,4408.234611,0.618,42979806.42
Sutter,Other Deciduous Orchard,61955.45082,1783.515799,1.588,175471658.3
Sutter,Subtropical,1089.628846,800.2415035,2.03,1770091.438
Sutter,Vineyards,101.4852521,1139.896276,6.178583333,714754.9605
Tehama,Almonds Pistachios,18824.36648,4899.886629,0.738,68071099.07
Tehama,Other Deciduous Orchard,35681.23648,1630.911783,1.886,109751901.8
Tehama,Subtropical,18849.90914,1088.420449,3.372,69182064.77
Tehama,Vineyards,260.7351765,2093.550165,3.55,1937810.71
Trinity,Other Deciduous Orchard,8.60216633,1430.603177,1.68,20674.56129
Trinity,Vineyards,128.6596722,2138.672448,1.93,531060.5295
Tulare,Almonds Pistachios,154795.8554,4626.902127,1.064,762063690.3
Tulare,Other Deciduous Orchard,76759.1611,1985.924367,1.976,301217267.6
Tulare,Subtropical,135585.4524,814.3823391,17.69,1953301458
Tulare,Vineyards,43485.96417,894.590042,11.574,450253027.1
Tuolumne,Other Deciduous Orchard,158.9133092,1934.830578,1.514833333,465766.3047
Tuolumne,Subtropical,6.81922368,937.8115717,2.511,16058.21381
Tuolumne,Vineyards,51.8432861,1027.262909,6.111583333,325482.6678
Ventura,Other Deciduous Orchard,534.5480728,1632.856883,1.536,1340683.008
Ventura,Subtropical,44455.48723,3182.049543,3.352,474172454.6
Ventura,Vineyards,88.89657233,1541.837298,9.962,1365432.075
Yolo,Almonds Pistachios,48230.18153,4263.813686,0.82,168628496.6
Yolo,Other Deciduous Orchard,20870.29123,1599.19914,1.416,47260064.54
Yolo,Subtropical,4283.882054,886.1622705,3.512,13332305.84
Yolo,Vineyards,19923.85755,1004.793117,6.612333333,132374647.9
Yuba,Almonds Pistachios,2378.002814,4650.694011,0.724,8006979.135
Yuba,Other Deciduous Orchard,27228.94844,1495.920229,2.02,82279316.24
Yuba,Subtropical,1656.920611,832.2049699,2.844,3921584.681
Yuba,Vineyards,259.3487353,1739.113833,3.126333333,1410091.923
Alameda,Alfalfa,77.80064626,270.9914415,4.252,89646.23106
Alameda,Corn,71.30338296,372.8250333,18.650625,495802.3611
Alameda,Grain,1557.665142,198.6118649,2.4425,755638.1272
Alameda,Other Truck,164.9887184,591.4466351,19.98,1949688.806
Alameda,Pasture,13.09502439,292.6113447,5,19158.76348
Alpine,Alfalfa,68.84845651,301.2097943,6.602,136911.1499
Alpine,Other Truck,1.80498658,49733.85273,0.042125,3781.516461
Alpine,Pasture,3501.73551,163.6658341,5,2865572.314
Amador,Alfalfa,664.4248974,320.5759342,6.602,1406216.97
Amador,Corn,2.21239761,139.6373486,15.982,4937.37258
Amador,Grain,1570.500216,183.4739185,2.235,644005.927
Amador,Other Truck,9.0629065,6892.456855,4.752,296836.9685
Amador,Pasture,3277.029419,126.7426104,5,2076696.314
Butte,Alfalfa,494.6861191,285.8737743,5.604,792505.2839
Butte,Corn,542.0945894,232.0763346,6.09075,766260.9665
Butte,Cucurbits,54.35682951,202.6283347,12.01,132280.9485
Butte,Dry Beans,533.1373838,1522.772293,1.682,1365526.379
Butte,Grain,4583.63046,241.8196189,2.9205,3237116.578
Butte,Other Field,181.3425559,259.2600775,2.884875,135632.0666
Butte,Other Truck,349.5750071,49733.85273,0.042125,732373.1146
Butte,Pasture,6917.19434,179.0870935,5,6193901.146
Butte,Rice,100258.8222,573.3734269,4.378,251672589.3
Butte,Safflower,173.3300858,561.7793979,1.017,99028.61685
Butte,Tomatoes Fresh Market,0,615.2976706,24.66622222,0
Butte,Tomatoes Processing,557.0551952,95.7904883,47.10183333,2513381.577
Calaveras,Grain,487.6662076,145.5340244,1.6,113555.2412
Calaveras,Other Truck,16.88744847,6892.456855,4.752,553113.8394
Calaveras,Pasture,792.0573766,206.167161,5,816481.1033
Colusa,Alfalfa,6304.141011,275.4176531,6.678,11594822.56
Colusa,Corn,4285.439614,220.9574058,6.284,5950317.211
Colusa,Cotton,453.0466863,1698.847366,0.768,591096.7062
Colusa,Cucurbits,4438.68867,202.6283347,12.01,10801843.16
Colusa,Dry Beans,2916.027421,1271.138715,1.148,4255263.301
Colusa,Grain,8922.890569,254.5707258,2.92,6632799.648
Colusa,Onions & Garlic,139.159539,216.2659801,21.192,637783.2871
Colusa,Other Field,6700.09525,202.3444871,2.95125,4001090.304
Colusa,Other Truck,248.8515632,49733.85273,0.042125,521353.6171
Colusa,Pasture,5202.623285,212.3226307,5,5523173.312
Colusa,Rice,124782.483,553.6014453,4.96,342635624
Colusa,Safflower,804.5848068,556.4248174,0.918,410980.296
Colusa,Tomatoes Fresh Market,0,615.2976706,24.66622222,0
Colusa,Tomatoes Processing,12283.85225,95.17383268,50.994,59617151.64
Contra Costa,Alfalfa,3075.317604,230.2196712,4.378,3099617.904
Contra Costa,Corn,8785.288622,694.3579627,10.536,64271023.52
Contra Costa,Cucurbits,109.8842274,202.6283347,12.01,267410.5526
Contra Costa,Dry Beans,459.1508814,1344.376154,1.23,759243.9399
Contra Costa,Grain,3181.134078,133.2912351,2.026,859059.0302
Contra Costa,Onions & Garlic,178.9822023,659.1955182,5.8525,690502.9142
Contra Costa,Other Field,345.1111211,176.8674524,2.418625,147630.2695
Contra Costa,Other Truck,163.6995409,591.4466351,19.98,1934454.461
Contra Costa,Pasture,9078.417618,354.9549257,5,16112145.25
Contra Costa,Safflower,681.5441386,563.7313282,1.093333333,420067.1755
Contra Costa,Tomatoes Fresh Market,39.86914134,699.7557603,31.66,883271.617
Contra Costa,Tomatoes Processing,2723.98672,100.5823111,42.34933333,11603077
Del Norte,Alfalfa,222.8456727,235.8216506,6.278,329920.4161
Del Norte,Grain,351.0409307,251.2975983,3.258,287406.89
Del Norte,Other Truck,322.3115464,51775.30007,0.042,700886.6354
Del Norte,Pasture,7977.301917,86.56540169,3.5,2416954.207
El Dorado,Cucurbits,5.46277483,202.6283347,12.01,13294.02473
El Dorado,Grain,13.11285309,221.4138125,2.87,8332.662704
El Dorado,Other Truck,335.3553488,49733.85273,0.042125,702582.3825
El Dorado,Pasture,455.0391869,215.2626592,5,489764.7269
Fresno,Alfalfa,32558.93769,264.3208289,7.71,66352301.63
Fresno,Corn,39307.75062,71.20221765,20.602,57660857.31
Fresno,Cotton,34468.30803,3437.601669,0.83,98345299.98
Fresno,Cucurbits,20394.30227,485.0643584,17.348,171615942.5
Fresno,Dry Beans,861.3395762,1030.446282,1.46,1295843.68
Fresno,Grain,46993.83504,303.3376661,2.872,40940360.69
Fresno,Onions & Garlic,26572.20526,2365.602184,7.666,481879139.2
Fresno,Other Field,1749.991451,207.5591631,2.35,853582.8884
Fresno,Other Truck,24152.28645,1377.207906,13.18333333,438513523.2
Fresno,Pasture,13164.06073,170.120751,5,11197399.48
Fresno,Potatoes,217.893609,1165.114685,14.862,3773031.451
Fresno,Rice,1708.258767,579.2835722,4.702,4652940.463
Fresno,Safflower,145.8300506,574.3765351,1.258,105371.7899
Fresno,Tomatoes Fresh Market,5423.133313,601.8655253,20.75666667,67749697.32
Fresno,Tomatoes Processing,65747.91052,92.82856275,51.238,312720067.5
Glenn,Alfalfa,6468.087013,259.0247272,6.626,11101163.78
Glenn,Corn,9866.37441,233.4386777,5.875,13531261.2
Glenn,Cotton,1107.301774,1698.847366,0.768,1444712.987
Glenn,Cucurbits,1803.766945,202.6283347,12.01,4389586.451
Glenn,Dry Beans,1037.241448,1188.155228,1.27,1565152.889
Glenn,Grain,12736.45988,234.280096,3.13,9339604.003
Glenn,Onions & Garlic,37.05334943,216.2659801,21.192,169819.5263
Glenn,Other Field,3456.02231,175.9951384,2.7625,1680271.632
Glenn,Other Truck,236.5165389,49733.85273,0.042125,495511.2658
Glenn,Pasture,14745.96572,305.3640357,5,22514438.01
Glenn,Rice,77153.95451,524.8020772,4.842,196055270.2
Glenn,Safflower,655.9088671,556.4248174,0.918,335036.926
Glenn,Tomatoes Fresh Market,0,615.2976706,24.66622222,0
Glenn,Tomatoes Processing,679.9034181,94.48793097,43.6875,2806601.525
Humboldt,Alfalfa,570.5813013,235.8216506,6.278,844738.9535
Humboldt,Corn,818.7288049,68.37255288,18.62,1042321.132
Humboldt,Grain,560.5800979,251.2975983,3.258,458962.3843
Humboldt,Other Field,952.242917,229.0149534,2.69,586629.4629
Humboldt,Other Truck,353.6302431,51775.30007,0.042,768991.1021
Humboldt,Pasture,35874.46763,53.83407537,3.5,6759440.779
Imperial,Alfalfa,139647.7187,250.1741913,7.42,259227012.8
Imperial,Corn,52815.32823,544.4946878,11.966,344114227.3
Imperial,Cotton,2465.533321,2240.878224,0.798,4408918.025
Imperial,Cucurbits,6071.410921,516.2322367,18.51,58015116.31
Imperial,Grain,17062.21527,294.2388338,3.5,17571282.13
Imperial,Onions & Garlic,11148.09774,229.539267,26.86,68732757.28
Imperial,Other Field,22123.26622,204.2544651,8.437,38124912.34
Imperial,Other Truck,53246.05279,571.7844593,15.272,464960094.8
Imperial,Pasture,96203.80894,46.2966209,3.5,15588689.45
Imperial,Potatoes,724.3365153,758.2376409,10.855,5961774.531
Imperial,Safflower,32.80834473,565.3467595,1.069333333,19834.09238
Inyo,Alfalfa,2166.633645,281.1557382,8.041,4898267.476
Inyo,Grain,66.25361322,290.6464819,2.613333333,50323.33867
Inyo,Pasture,11388.1185,79.87328545,5,4548032.2
Kern,Alfalfa,39431.94193,277.7988945,8.566,93833247.84
Kern,Corn,41463.45966,253.0253431,19.8995,208771745.8
Kern,Cotton,10515.66396,3766.024208,0.776,30731342.16
Kern,Cucurbits,1943.773417,829.3999693,11.8275,19067888.78
Kern,Dry Beans,776.8991794,1186.534433,1.755,1617789.936
Kern,Grain,25522.37884,299.3468083,2.38,18183301.49
Kern,Onions & Garlic,8044.368241,2882.549818,7.8,180868679.2
Kern,Other Field,111.0442283,194.3442865,3.895,84057.26007
Kern,Other Truck,33364.94188,453.0565778,25.6145,387194068.4
Kern,Pasture,5133.135903,194.7460306,5,4998289.209
Kern,Potatoes,18679.28052,444.581011,23.95,198891659.3
Kern,Safflower,738.8439503,574.3765351,1.258,533863.2823
Kern,Tomatoes Fresh Market,0,601.8655253,20.75666667,0
Kern,Tomatoes Processing,6903.808486,100.1550886,56.328,38948082.95
Kings,Alfalfa,26449.33212,285.073692,8.36,63034473.22
Kings,Corn,59616.11394,75.18588778,25.688,115141077.1
Kings,Cotton,87394.56651,3907.036899,0.834,284772466
Kings,Cucurbits,984.9261586,706.9312349,13.80155556,9609679
Kings,Dry Beans,527.1098899,1519.206929,1.48225,1186969.491
Kings,Grain,37985.36462,282.2866158,2.714,29101570.72
Kings,Onions & Garlic,5704.281026,2624.076001,7.733,115751154.9
Kings,Other Field,172.2379964,202.9331106,2.80625,98086.27358
Kings,Other Truck,2808.439459,1144.159544,16.63466667,53452221.16
Kings,Pasture,1721.467363,186.1966163,4.5,1442391.291
Kings,Safflower,12379.65608,574.3765351,1.258,8945114.628
Kings,Tomatoes Fresh Market,0,601.8655253,20.75666667,0
Kings,Tomatoes Processing,26109.35423,98.66545378,56.15,144647525.6
Lake,Corn,8.66806388,192.630931,9.22575,15404.57812
Lake,Cucurbits,3.34246661,202.6283347,12.01,8134.114101
Lake,Grain,1832.489375,214.9426226,2.838333333,1117962.938
Lake,Other Field,3.88320205,189.0772612,2.280833333,1674.645329
Lake,Other Truck,67.9218575,49733.85273,0.042125,142298.9096
Lake,Pasture,4263.452077,120.5428586,5,2569643.504
Lake,Rice,311.6135987,557.2050126,4.593333333,797552.6811
Lassen,Alfalfa,31134.32468,272.7176599,4.246666667,36057937.79
Lassen,Corn,5.67933692,123.4825096,17.92316667,12569.49485
Lassen,Cucurbits,8.50434172,502.8354559,12.21083333,52216.99788
Lassen,Grain,13824.31854,202.3866361,3.356666667,9391474.426
Lassen,Other Field,107.0606731,297.510454,4.6,146517.6796
Lassen,Other Truck,243.5727024,49733.85273,0.042125,510294.2003
Lassen,Pasture,47258.99426,27.14043029,3.5,4489203.038
Lassen,Rice,1612.289111,568.1817905,4.57425,4190348.356
Los Angeles,Alfalfa,5214.701051,267.244973,7.727,10768367.61
Los Angeles,Corn,164.3177533,430.5380599,14.463,1023185.61
Los Angeles,Cucurbits,12.84735421,933.9354917,9.2225,110657.0892
Los Angeles,Grain,6176.542476,299.3468083,2.38,4400449.298
Los Angeles,Onions & Garlic,491.1699605,1583.598209,11.901,9256786.665
Los Angeles,Other Field,2.11116149,143.496988,7.3475,2225.890702
Los Angeles,Other Truck,1498.829458,696.2135047,18.07633333,18862749.81
Los Angeles,Pasture,791.996363,1146.480148,5,4540040.539
Los Angeles,Potatoes,1830.792596,444.581011,23.95,19493758.18
Madera,Alfalfa,8313.473298,293.4236948,7.4825,18252586.41
Madera,Corn,19522.10282,70.7365386,27.252,37632994.81
Madera,Cotton,392.91,2717.966031,0.67,715503.7423
Madera,Cucurbits,48.53912045,428.5034499,16.374,340565.7826
Madera,Dry Beans,185.2935212,1175.588977,1.395,303871.4843
Madera,Grain,7719.592234,206.9963865,2.91,4649969.601
Madera,Onions & Garlic,245.2098637,659.1955182,5.8525,946005.3757
Madera,Other Truck,444.7504545,1377.207906,13.18333333,8074974.153
Madera,Pasture,1851.421222,149.4837314,5,1383786.763
Madera,Tomatoes Fresh Market,391.1277508,573.6745291,22.16666667,4973757.293
Madera,Tomatoes Processing,2816.119806,91.7118709,53.31333333,13769320.76
Marin,Corn,11.66673111,327.8273279,11.51866667,44055.13669
Marin,Grain,4622.052206,180.286649,2.279,1899077.719
Marin,Other Truck,134.1170471,591.4466351,19.98,1584875.063
Marin,Pasture,7641.634487,253.0627057,5,9669063.495
Mariposa,Grain,29.4045766,199.6445871,3.695333333,21693.32335
Mariposa,Pasture,81.47912833,148.3978315,5,60456.62977
Mendocino,Alfalfa,59.74146224,268.0878386,6.327,101332.9757
Mendocino,Grain,4768.097439,224.9667051,2.965,3180446.301
Mendocino,Other Truck,219.5862892,51775.30007,0.042,477504.1327
Mendocino,Pasture,19651.01646,21.10274905,3.5,1451416.641
Merced,Alfalfa,45004.36579,281.5913173,6.754,85592352.21
Merced,Corn,95743.33223,62.38281661,26.17,156306572.7
Merced,Cotton,31245.1634,3927.140192,0.776,95218410.32
Merced,Cucurbits,3271.910772,371.9425414,15.4,18741227.24
Merced,Dry Beans,808.3965745,1320.731671,1.33,1420007.695
Merced,Grain,38204.13694,187.4107868,4.498,32205083.4
Merced,Onions & Garlic,1277.147197,1903.04965,6.84425,16634775.28
Merced,Other Field,146.4343385,193.2220972,3.636,102878.2565
Merced,Other Truck,6134.83617,838.9320936,15.53511111,79954726.49
Merced,Pasture,22451.44698,199.8275687,5,22432090.32
Merced,Potatoes,15201.59772,1165.114685,14.862,263229869.6
Merced,Rice,1462.320105,579.2835722,4.702,3983054.863
Merced,Tomatoes Fresh Market,4481.852294,572.4627223,20.172,51755166.56
Merced,Tomatoes Processing,21738.21231,97.35254982,48.544,102732230.1
Modoc,Alfalfa,42419.43227,268.1536324,6.374,72503770.98
Modoc,Grain,25682.28131,244.918135,3.148,19801097.67
Modoc,Onions & Garlic,1292.533546,216.2659801,21.192,5923821.676
Modoc,Other Field,1361.012825,289.1081465,4.373,1720687.582
Modoc,Other Truck,157.9785321,51535.76097,0.044,358227.9303
Modoc,Pasture,99901.49692,334.522588,5,167096536.5
Modoc,Potatoes,2798.644579,208.9970518,24.678,14434371.12
Modoc,Rice,2348.147321,557.0800089,4.4465,5816493.019
Mono,Alfalfa,8529.402728,281.8436544,7.59625,18261066.22
Mono,Grain,536.3885823,255.1670263,2.891,395687.3524
Mono,Pasture,33449.48498,86.43797114,5,14456528.09
Monterey,Alfalfa,537.3797915,175.4496949,3.456,325842.4643
Monterey,Corn,1.71309198,73.19405271,23.145,2902.108609
Monterey,Cucurbits,72.68695577,729.7242049,10.92666667,579566.0361
Monterey,Dry Beans,161.2588157,2393.58277,1.508,582067.3747
Monterey,Grain,13562.67207,139.6127599,1.795,3398872.132
Monterey,Onions & Garlic,1785.123834,630.7162958,33.116,37285526.02
Monterey,Other Truck,146609.8195,911.1111824,20.086,2683044615
Monterey,Pasture,2429.901928,28.86262008,3.5,245466.6766
Napa,Grain,1303.101757,145.6720546,2.71,514427.133
Napa,Other Truck,23.45711765,591.4466351,19.98,277195.1934
Napa,Pasture,851.9619408,144.7161514,5,616463.2661
Nevada,Grain,56.82569365,235.7675125,2.853166667,38225.73536
Nevada,Other Truck,82.80630109,49733.85273,0.042125,173482.3927
Nevada,Pasture,3401.132977,212.1447192,5,3607662.002
Orange,Grain,298.7428756,214.9651207,1.7345,111388.3729
Orange,Other Field,509.6762758,159.9410206,9.743,794231.2745
Orange,Other Truck,1167.030692,1182.527359,3,4140137.166
Orange,Pasture,6.93670503,2232.817167,5,77441.97038
Orange,Tomatoes Fresh Market,61.80249876,2356.533151,17.31,2521022.119
Orange,Tomatoes Processing,0,97.21636838,54.572,0
Placer,Alfalfa,438.0181019,285.4823849,6.418666667,802631.4956
Placer,Corn,208.9932233,236.4841628,5.729,283147.7325
Placer,Cucurbits,2.81985353,202.6283347,12.01,6862.300522
Placer,Grain,4880.514738,242.0940761,2.851,3368581.107
Placer,Other Truck,376.8115357,49733.85273,0.042125,789434.692
Placer,Pasture,10667.89005,159.4974625,5,8507506.962
Placer,Rice,12340.31508,563.4470662,4.352,30259953.55
Plumas,Alfalfa,4542.760664,288.1277205,3.278,4290558.712
Plumas,Grain,2249.350557,209.0199752,3.078333333,1447306.73
Plumas,Other Truck,22.6974171,47931.94449,0.04025,43789.2363
Plumas,Pasture,34089.93528,212.4615187,5,36213997.11
Riverside,Alfalfa,48371.09115,265.8418851,7.502,96468683.53
Riverside,Corn,3604.371755,531.9648614,16.234,31127057.33
Riverside,Cotton,4846.423235,1886.452383,1.293333333,11824360.35
Riverside,Cucurbits,2455.058219,418.9315861,15.684,16131016.49
Riverside,Dry Beans,127.4233388,1921.545909,7.305,1788627.755
Riverside,Grain,20055.39268,236.2389477,1.964,9305166.59
Riverside,Onions & Garlic,3273.905245,232.6764612,19.33,14724834.07
Riverside,Other Truck,22120.31908,730.7117093,13.568,219307401.4
Riverside,Pasture,10573.31861,1503.976985,4.5,71559125.34
Riverside,Potatoes,337.1818669,297.8502689,17.12,1719356.63
Riverside,Safflower,346.5175938,565.3467595,1.069333333,209485.179
Riverside,Tomatoes Fresh Market,215.4680837,807.9535061,18.69,3253708.339
Riverside,Tomatoes Processing,0,97.32428091,49.32341026,0
Sacramento,Alfalfa,12145.09706,260.0833065,5.824,18396484.29
Sacramento,Corn,22667.43381,220.2828851,4.902,24476900.31
Sacramento,Cucurbits,831.0196942,202.6283347,12.01,2022341.522
Sacramento,Dry Beans,863.4443049,1353.086399,1.04125,1216507.729
Sacramento,Grain,24555.75646,221.4138125,2.87,15604143.1
Sacramento,Onions & Garlic,394.0303132,659.1955182,5.8525,1520146.004
Sacramento,Other Field,781.0877464,190.6182429,2.825,420613.0459
Sacramento,Other Truck,1404.301625,47931.94449,0.04025,2709264.029
Sacramento,Pasture,26919.99373,330.1531893,5,44438608.93
Sacramento,Potatoes,218.7230397,208.9970518,24.678,1128092.346
Sacramento,Rice,8613.964389,471.2143516,4.462,18111363.5
Sacramento,Safflower,2645.775497,587.5755731,1.04,1616776.776
Sacramento,Tomatoes Fresh Market,0,699.7557603,31.66,0
Sacramento,Tomatoes Processing,1541.273781,107.1308903,35.186,5809843.084
San Benito,Alfalfa,8.12339201,240.453947,5.973333333,11667.72199
San Benito,Cucurbits,113.9966187,553.3068208,13.67991667,862862.2027
San Benito,Dry Beans,102.3319707,1630.992112,2.017,336642.6191
San Benito,Grain,8995.271048,268.0341808,2.614,6302458.837
San Benito,Onions & Garlic,653.1443807,1478.938532,15.6015,15070431.05
San Benito,Other Field,99.39933485,208.7130546,2.458666667,51007.3482
San Benito,Other Truck,18611.47578,548.1417397,13.442,137131610.4
San Benito,Pasture,7787.271501,237.5899607,5,9250887.648
San Benito,Tomatoes Fresh Market,641.2019079,1535.308327,16.9775,16713374.73
San Benito,Tomatoes Processing,0,96.16849856,52.51316667,0
San Bernardino,Alfalfa,7599.443685,256.6910515,6.888,13436484.9
San Bernardino,Corn,2143.685546,74.0781078,21.106,3351636.366
San Bernardino,Cucurbits,3.10411525,933.9354917,9.2225,26736.42778
San Bernardino,Grain,1489.241891,267.792878,2.172,866211.784
San Bernardino,Other Field,54.84797842,92.64968948,10.8,54881.80023
San Bernardino,Other Truck,1108.951808,490.011628,16.593,9016624.267
San Bernardino,Pasture,2195.701587,2098.214266,5,23035261.97
San Diego,Alfalfa,103.864284,258.0080382,7.461,199938.5362
San Diego,Cucurbits,17.65446502,1566.341254,9.58,264914.9438
San Diego,Grain,1307.380391,193.6912936,1.505,381108.4399
San Diego,Other Truck,6363.865578,828.3411757,10.61333333,55947676.11
San Diego,Pasture,1992.857655,2367.420068,5,23589656.04
San Diego,Tomatoes Fresh Market,543.5765933,3905.112796,15.93,33815055.6
San Diego,Tomatoes Processing,0,97.21636838,54.572,0
San Joaquin,Alfalfa,42353.97435,281.2592654,6.716,80003998.84
San Joaquin,Corn,66180.97599,58.99181202,27.062,105653720.2
San Joaquin,Cotton,65.19424293,3322.553112,0.723,156609.995
San Joaquin,Cucurbits,9504.692897,202.6283347,12.01,23130300.33
San Joaquin,Dry Beans,5354.637718,1752.304957,1.253333333,11759974.3
San Joaquin,Grain,27838.51938,176.191415,2.5435,12475633.8
San Joaquin,Onions & Garlic,2888.494931,659.1955182,5.8525,11143645.25
San Joaquin,Other Field,505.0023675,181.3726072,2.4675,226007.1982
San Joaquin,Other Truck,5811.566288,6892.456855,4.752,190345968.9
San Joaquin,Pasture,16499.62903,275.6389157,5,22739699.28
San Joaquin,Potatoes,1720.489758,733.033091,17.108,21576197.73
San Joaquin,Rice,4199.983494,579.2835722,4.702,11439878.74
San Joaquin,Safflower,2904.370465,574.3765351,1.258,2098598.423
San Joaquin,Tomatoes Fresh Market,650.5369584,699.7557603,31.66,14412169.71
San Joaquin,Tomatoes Processing,14381.89435,100.6092211,43.302,62655880.33
San Luis Obispo,Alfalfa,1278.803131,352.7231486,5.54,2498891.606
San Luis Obispo,Corn,62.45082192,75.18588778,25.688,120615.9615
San Luis Obispo,Cucurbits,42.49270338,906.0051415,13.13,505486.7196
San Luis Obispo,Dry Beans,191.2066898,1790.058601,1.6315,558415.4297
San Luis Obispo,Grain,20525.90906,281.7565433,2.102,12156515.91
San Luis Obispo,Onions & Garlic,330.0983119,630.7162958,33.116,6894697.702
San Luis Obispo,Other Field,11.40962231,209.851095,2.6425,6326.995186
San Luis Obispo,Other Truck,20051.75949,911.1111824,20.086,366958812.9
San Luis Obispo,Pasture,2896.252297,28.86262008,3.5,292577.0039
San Luis Obispo,Potatoes,532.7921137,444.581011,23.95,5673018.695
San Luis Obispo,Safflower,1738.591434,574.3765351,1.258,1256246.504
San Mateo,Dry Beans,23.97539207,2477.107448,2.832,168191.4103
San Mateo,Grain,1545.982856,232.8017444,2.196,790356.8822
San Mateo,Other Truck,2100.516447,591.4466351,19.98,24822020.82
San Mateo,Pasture,1365.49182,213.3860211,5,1456884.331
Santa Barbara,Alfalfa,382.1268061,315.2610216,7.053,849672.7043
Santa Barbara,Cucurbits,449.3871195,648.2592747,13.13,3825023.304
Santa Barbara,Dry Beans,873.2471934,1201.300251,1.530833333,1605893.265
Santa Barbara,Grain,7359.53165,290.5516758,2.241,4791984.653
Santa Barbara,Onions & Garlic,154.4151811,1732.5751,13.59,3635812.851
Santa Barbara,Other Field,157.0433338,194.3442865,3.895,118877.2488
Santa Barbara,Other Truck,55219.51626,416.1015276,34.636,795828776.7
Santa Barbara,Pasture,3981.423881,111.8043254,4.25,1891846.747
Santa Barbara,Potatoes,249.1788814,444.581011,23.95,2653185.766
Santa Barbara,Tomatoes Fresh Market,0,1535.308327,16.9775,0
Santa Barbara,Tomatoes Processing,27.49076168,100.1550886,56.328,155090.117
Santa Clara,Alfalfa,84.58347712,277.473161,6.024,141381.14
Santa Clara,Corn,788.2910355,668.6380008,10.1425,5345922.512
Santa Clara,Cucurbits,187.3301612,626.4961785,11.045,1296259.205
Santa Clara,Dry Beans,201.5180848,1779.207726,3.77,1351705.351
Santa Clara,Grain,4440.334544,223.8278922,1.87,1858538.25
Santa Clara,Onions & Garlic,215.1344263,1440.497117,6.0225,1866375.887
Santa Clara,Other Field,86.37151452,182.6745343,2.873,45329.83831
Santa Clara,Other Truck,7938.407963,591.4466351,19.98,93808990.66
Santa Clara,Pasture,734.7875421,275.3523526,5,1011627.392
Santa Clara,Tomatoes Fresh Market,707.100674,710.5221389,15.515,7794901.752
Santa Clara,Tomatoes Processing,363.03253,98.32438312,57.7575,2061651.049
Santa Cruz,Alfalfa,1.70544675,175.4496949,3.456,1034.104707
Santa Cruz,Corn,4.4089396,668.6380008,10.1425,29899.9334
Santa Cruz,Dry Beans,39.23827567,2216.632648,2.703333333,235127.3986
Santa Cruz,Grain,1142.43276,216.0691443,2.11875,523001.7183
Santa Cruz,Other Truck,10988.56025,683.566519,17.836,133973542.3
Santa Cruz,Pasture,859.7899976,244.3691868,5,1050530.913
Shasta,Alfalfa,4424.342504,288.5611033,6.104,7792935.014
Shasta,Cucurbits,69.14888712,202.6283347,12.01,168278.4014
Shasta,Grain,4892.899502,228.5639209,3.140666667,3512334.085
Shasta,Onions & Garlic,38.25808339,210.072015,24.602,197725.1095
Shasta,Other Field,442.0215058,288.4099112,4.075,519494.7867
Shasta,Other Truck,402.1930839,47931.94449,0.04025,775935.3371
Shasta,Pasture,37666.8634,168.760002,5,31783299.72
Shasta,Rice,4987.209719,557.0800089,4.4465,12353599.05
Sierra,Alfalfa,866.8400995,290.2507761,3.03,762351.0652
Sierra,Grain,698.2882892,202.3866361,3.356666667,474378.2914
Sierra,Pasture,17987.16341,212.074122,5,19073059.44
Siskiyou,Alfalfa,40369.77321,235.8216506,6.278,59766977.82
Siskiyou,Corn,145.3059177,68.37255288,18.62,184988.5184
Siskiyou,Dry Beans,33.31078567,1732.902697,2.26875,130962.1198
Siskiyou,Grain,35112.34153,251.2975983,3.258,28747442.24
Siskiyou,Onions & Garlic,1308.111373,203.8780498,28.012,7470665.82
Siskiyou,Other Field,169.1737041,281.4040744,4.444,211561.8177
Siskiyou,Other Truck,3310.995584,51775.30007,0.042,7199967.177
Siskiyou,Pasture,87173.91868,196.6159973,4.5,77129041.3
Siskiyou,Potatoes,3743.616983,217.6709989,22.646,18453701.11
Solano,Alfalfa,17499.41946,263.1946631,5.598,25783009.82
Solano,Corn,9382.398897,220.7514682,5.4,11184362.99
Solano,Cucurbits,1674.589271,202.6283347,12.01,4075224.017
Solano,Dry Beans,2183.327502,1344.376154,1.23,3610312.517
Solano,Grain,30065.49219,227.282063,2.532,17302034.83
Solano,Onions & Garlic,14.5474342,216.2659801,21.192,66672.47154
Solano,Other Field,6477.497759,179.1534451,2.7075,3141961.8
Solano,Other Truck,1848.425585,49733.85273,0.042125,3872522.851
Solano,Pasture,28200.65389,151.1704857,5,21315532.72
Solano,Safflower,2949.657392,529.2418762,0.982,1532982.733
Solano,Tomatoes Fresh Market,0,615.2976706,24.66622222,0
Solano,Tomatoes Processing,9805.504003,94.00682195,48.56,44761844.1
Sonoma,Corn,10.48517603,68.37255288,18.62,13348.64546
Sonoma,Cucurbits,42.94811115,414.5622566,11.5275,205243.2859
Sonoma,Grain,19906.8238,168.7484509,2.422666667,8138332.531
Sonoma,Other Field,20.2007682,169.0891348,1.893166667,6466.54697
Sonoma,Other Truck,1049.391585,51775.30007,0.042,2281967.696
Sonoma,Pasture,5590.584767,161.9427547,4.625,4187265.477
Stanislaus,Alfalfa,16194.284,279.8367241,7.066,32021383.55
Stanislaus,Corn,52914.30317,69.31235765,26.862,98519476.99
Stanislaus,Cucurbits,2636.212538,499.2193599,13.2225,17401449.12
Stanislaus,Dry Beans,4355.902149,1752.304957,1.253333333,9566529.055
Stanislaus,Grain,11469.45719,204.5265879,3.678,8627885.292
Stanislaus,Onions & Garlic,529.7878871,1049.846318,5.9375,3302412.933
Stanislaus,Other Field,165.4151143,182.6745343,2.873,86813.81152
Stanislaus,Other Truck,3826.524786,6892.456855,4.752,125329994
Stanislaus,Pasture,26940.22794,343.7245087,5,46300083.05
Stanislaus,Potatoes,1848.247169,733.033091,17.108,23178368.94
Stanislaus,Rice,392.6881319,579.2835722,4.702,1069600.539
Stanislaus,Tomatoes Fresh Market,1823.878043,660.9135405,22.449,27060601.43
Stanislaus,Tomatoes Processing,4429.652386,98.76205133,49.86783333,21816257.33
Sutter,Alfalfa,3669.787093,285.0552049,7.318,7655300.612
Sutter,Corn,5602.024911,252.6854405,6.556,9280346.667
Sutter,Cotton,267.7319272,1698.847366,0.768,349313.8017
Sutter,Cucurbits,1675.884943,202.6283347,12.01,4078377.121
Sutter,Dry Beans,3657.505488,1361.796644,0.8525,4246113.842
Sutter,Grain,11807.01834,262.7743397,2.832,8786510.665
Sutter,Onions & Garlic,104.4636535,216.2659801,21.192,478768.2741
Sutter,Other Field,8888.648704,224.9006386,2.875666667,5748638.171
Sutter,Other Truck,1159.473895,49733.85273,0.042125,2429142.504
Sutter,Pasture,4341.431352,184.0760854,5,3995768.442
Sutter,Rice,109958.3348,569.3619931,4.308,269707064.3
Sutter,Safflower,2815.606183,567.1339784,1.116,1782057.745
Sutter,Tomatoes Fresh Market,0,615.2976706,24.66622222,0
Sutter,Tomatoes Processing,11354.87154,97.70970123,46.624,51728447.06
Tehama,Alfalfa,1221.311716,277.1509501,6.028,2040403.87
Tehama,Corn,1722.84609,221.2238144,5.648,2152648.128
Tehama,Cucurbits,8.29807601,202.6283347,12.01,20193.91813
Tehama,Grain,8630.162201,215.6533142,2.8,5211144.627
Tehama,Other Field,198.5439163,312.4890599,3.96,245689.4949
Tehama,Other Truck,239.5791793,47931.94449,0.04025,462210.7109
Tehama,Pasture,20004.80606,271.6207468,5,27168601.81
Tehama,Rice,212.3181172,549.0877521,4.61,537439.6901
Tehama,Safflower,407.5762399,563.5408044,1.0316,236943.9147
Trinity,Grain,61.38127301,233.4754563,3.029,43408.66177
Trinity,Other Truck,6.47989346,49853.62228,0.041125,13285.27337
Trinity,Pasture,2632.989154,153.8278326,4.5,1822621.567
Tulare,Alfalfa,35349.40083,288.2992546,9,91720853.19
Tulare,Corn,118122.1604,75.83936472,24.984,223814407.1
Tulare,Cotton,6769.176619,3703.554259,0.813333333,20390277.16
Tulare,Cucurbits,65.80442169,485.0643584,17.348,553737.397
Tulare,Dry Beans,1840.102989,1466.264232,1.206,3253881.099
Tulare,Grain,44676.61189,269.2549713,2.588,31132086.82
Tulare,Onions & Garlic,14.63609559,2624.076001,7.733,296995.3548
Tulare,Other Field,39.40547007,184.4710892,3.59,26096.32025
Tulare,Other Truck,5199.923379,1377.207906,13.18333333,94410801.5
Tulare,Pasture,5462.923394,334.9811983,5,9149883.123
Tulare,Potatoes,398.4454185,444.581011,23.95,4242533.344
Tulare,Safflower,183.5472792,574.3765351,1.258,132624.9648
Tulare,Tomatoes Fresh Market,19.2850314,601.8655253,20.75666667,240922.5377
Tulare,Tomatoes Processing,739.9822053,97.21636838,54.572,3925821.419
Tuolumne,Grain,53.13148707,185.6856663,2.729333333,26926.93555
Tuolumne,Other Truck,24.52970184,6892.456855,4.752,803420.2199
Tuolumne,Pasture,1367.348218,183.7187686,5,1256037.654
Ventura,Alfalfa,78.56779911,277.7988945,8.566,186961.9249
Ventura,Corn,46.27233384,786.998012,7.82,284774.9557
Ventura,Cucurbits,163.6229866,648.2592747,13.13,1392700.657
Ventura,Dry Beans,1153.442278,1216.06607,1.306666667,1832811.704
Ventura,Grain,2713.871452,299.3468083,2.38,1933485.242
Ventura,Onions & Garlic,56.59460927,582.6003811,19.38,638998.1531
Ventura,Other Field,247.8602294,194.3442865,3.895,187623.0047
Ventura,Other Truck,35108.99555,416.1015276,34.636,505994091.9
Ventura,Pasture,1628.440306,194.7460306,5,1585661.428
Ventura,Tomatoes Fresh Market,0,3905.112796,15.93,0
Ventura,Tomatoes Processing,25.24296742,100.1550886,56.328,142409.1052
Yolo,Alfalfa,23566.07662,274.5242069,5.794,37484042.52
Yolo,Corn,10082.47807,247.7550878,6.124,15297661.61
Yolo,Cucurbits,4783.200888,202.6283347,12.01,11640236.49
Yolo,Dry Beans,1232.386117,1325.770504,1.076833333,1759396.164
Yolo,Grain,40245.41076,225.2476141,2.593333333,23509040.6
Yolo,Onions & Garlic,261.9895095,216.2659801,21.192,1200726.387
Yolo,Other Field,18962.84809,228.6938359,3.14,13617195.52
Yolo,Other Truck,4830.922791,49733.85273,0.042125,10120969.46
Yolo,Pasture,15671.88368,162.43511,5,12728320.75
Yolo,Rice,36389.62069,593.2115153,3.978,85872059.78
Yolo,Safflower,7762.797673,577.327777,1.102,4938809.954
Yolo,Tomatoes Fresh Market,0,615.2976706,24.66622222,0
Yolo,Tomatoes Processing,30615.43909,97.05934472,49.52,147149395.9
Yuba,Alfalfa,244.3614546,311.3086432,6.114,465103.1863
Yuba,Corn,1024.923378,252.6854405,6.556,1697893.959
Yuba,Cucurbits,244.4069902,202.6283347,12.01,594780.6148
Yuba,Grain,2075.651169,262.7743397,2.832,1544651.715
Yuba,Other Field,333.122951,255.3898369,2.662,226472.8873
Yuba,Other Truck,138.0323951,49733.85273,0.042125,289183.1883
Yuba,Pasture,7276.762741,212.0297749,5,7714451.829
Yuba,Rice,36989.14137,607.6281956,4.292,96465469.33
Yuba,Safflower,91.32003134,567.1339784,1.116,57798.41303